Lead,Physical window,Extended window,N records,Mean SNR missing (physical window excluded),Std SNR missing (physical window excluded),Median SNR missing (physical window excluded),Mean SNR full 10s,Std SNR full 10s,Median SNR full 10s
I,0.0–2.5s,0.0–5.0s,20624,9.006997385785288,4.651774558165181,8.870054368183705,10.334646060118121,4.620616327771828,10.20725732080059
III,0.0–2.5s,0.0–5.0s,20624,6.535879260227092,4.955141856579547,5.839730069448372,7.9342422452102905,4.923348761211924,7.2738042179553375
aVR,2.5–5.0s,0.0–5.0s,20624,8.909141336963241,4.602406494249763,8.755174085517318,10.138848541483359,4.644164483924462,10.006719049805135
aVL,2.5–5.0s,0.0–5.0s,20624,6.706850287545663,4.763754580089078,6.08847146941502,7.922263408547747,4.823294902397742,7.345511108732557
aVF,2.5–5.0s,0.0–5.0s,20624,6.74782945960536,4.805253311828284,6.122659977500046,7.9731326840746375,4.862852631148588,7.40033912397061
V1,5.0–7.5s,5.0–7.5s,20624,8.524188482707412,5.869658611519842,8.175336267567943,9.741803591029743,5.915453672483035,9.408770235063825
V2,5.0–7.5s,5.0–7.5s,20624,9.92435028771646,5.7642856660084725,9.857684815061292,11.151210941262862,5.809178423132678,11.1054550241251
V3,5.0–7.5s,5.0–7.5s,20624,9.440359407800797,5.569198524631991,9.303873733558891,10.664070794004006,5.611658745962401,10.54304931529638
V4,7.5–10.0s,7.5–10.0s,20624,9.672715902826654,5.713554443444009,9.637788097506668,10.925208868009747,5.70205410641247,10.906359929299121
V5,7.5–10.0s,7.5–10.0s,20624,9.203181074891665,5.923983967964134,8.986604218596788,10.44985522553498,5.918786012018216,10.231128623455584
V6,7.5–10.0s,7.5–10.0s,20624,8.237737857852515,6.053767710935078,7.945066456763909,9.475152015620457,6.068128955976931,9.222230139189826
